timestamp,predicted_class,confidence,frame_time_ms
2025-03-29T15:00:09.750,nothing,1.0000,1669
2025-03-29T15:00:09.838,nothing,1.0000,86
2025-03-29T15:00:09.914,nothing,1.0000,76
2025-03-29T15:00:10.081,nothing,1.0000,165
2025-03-29T15:00:10.192,nothing,1.0000,110
2025-03-29T15:00:10.477,nothing,1.0000,283
2025-03-29T15:00:10.579,nothing,1.0000,102
2025-03-29T15:00:10.904,nothing,1.0000,98
2025-03-29T15:00:10.976,nothing,1.0000,72
2025-03-29T15:00:11.046,nothing,1.0000,69
2025-03-29T15:00:11.113,nothing,1.0000,66
2025-03-29T15:00:11.174,nothing,1.0000,60
2025-03-29T15:00:11.241,nothing,1.0000,66
2025-03-29T15:00:11.304,nothing,1.0000,60
2025-03-29T15:00:11.379,nothing,1.0000,73
2025-03-29T15:00:11.452,nothing,1.0000,72
2025-03-29T15:00:11.532,nothing,1.0000,80
2025-03-29T15:00:11.614,nothing,1.0000,79
2025-03-29T15:00:11.694,nothing,1.0000,77
2025-03-29T15:00:11.769,nothing,1.0000,75
2025-03-29T15:00:11.844,nothing,1.0000,74
2025-03-29T15:00:11.923,nothing,1.0000,76
2025-03-29T15:00:11.995,nothing,1.0000,72
2025-03-29T15:00:12.070,nothing,1.0000,73
2025-03-29T15:00:12.143,nothing,1.0000,72
2025-03-29T15:00:12.214,nothing,1.0000,70
2025-03-29T15:00:12.277,nothing,1.0000,61
2025-03-29T15:00:12.342,nothing,1.0000,64
2025-03-29T15:00:12.409,nothing,1.0000,67
2025-03-29T15:00:12.472,nothing,1.0000,61
2025-03-29T15:00:12.544,nothing,1.0000,70
2025-03-29T15:00:12.605,nothing,1.0000,60
2025-03-29T15:00:12.680,nothing,1.0000,73
2025-03-29T15:00:12.742,nothing,1.0000,61
2025-03-29T15:00:12.807,nothing,1.0000,65
2025-03-29T15:00:12.877,nothing,1.0000,68
2025-03-29T15:00:12.942,nothing,1.0000,64
2025-03-29T15:00:13.008,nothing,1.0000,63
2025-03-29T15:00:13.076,nothing,1.0000,67
2025-03-29T15:00:13.141,nothing,1.0000,64
2025-03-29T15:00:13.206,nothing,1.0000,63
2025-03-29T15:00:13.271,nothing,1.0000,63
2025-03-29T15:00:13.335,nothing,1.0000,63
2025-03-29T15:00:13.399,nothing,1.0000,64
2025-03-29T15:00:13.470,nothing,1.0000,70
2025-03-29T15:00:13.537,nothing,1.0000,65
2025-03-29T15:00:13.605,nothing,1.0000,67
2025-03-29T15:00:13.666,nothing,1.0000,58
2025-03-29T15:00:13.734,nothing,1.0000,68
2025-03-29T15:00:13.798,nothing,1.0000,62
2025-03-29T15:00:13.866,nothing,1.0000,67
2025-03-29T15:00:13.928,nothing,1.0000,60
2025-03-29T15:00:13.993,nothing,1.0000,65
2025-03-29T15:00:14.056,nothing,1.0000,62
2025-03-29T15:00:14.127,nothing,1.0000,69
2025-03-29T15:00:14.192,nothing,1.0000,64
2025-03-29T15:00:14.267,nothing,1.0000,72
2025-03-29T15:00:14.330,nothing,1.0000,62
2025-03-29T15:00:14.392,nothing,1.0000,61
2025-03-29T15:00:14.455,nothing,1.0000,62
2025-03-29T15:00:14.523,nothing,1.0000,66
2025-03-29T15:00:14.588,nothing,1.0000,64
2025-03-29T15:00:14.659,nothing,0.4628,69
2025-03-29T15:00:14.725,J,0.3469,65
2025-03-29T15:00:14.790,K,0.9788,64
2025-03-29T15:00:14.856,K,0.9997,65
2025-03-29T15:00:14.923,K,0.9914,65
2025-03-29T15:00:14.986,K,0.5146,61
2025-03-29T15:00:15.053,K,0.5267,66
2025-03-29T15:00:15.118,J,0.3293,65
2025-03-29T15:00:15.184,K,0.2918,64
2025-03-29T15:00:15.254,K,0.6160,68
2025-03-29T15:00:15.317,K,0.8827,62
2025-03-29T15:00:15.384,K,0.9712,65
2025-03-29T15:00:15.447,K,0.9633,62
2025-03-29T15:00:15.512,K,0.9817,64
2025-03-29T15:00:15.574,K,0.9727,61
2025-03-29T15:00:15.637,K,0.9886,63
2025-03-29T15:00:15.707,K,0.9957,70
2025-03-29T15:00:15.813,K,0.9954,103
2025-03-29T15:00:15.913,K,0.9955,98
2025-03-29T15:00:15.985,K,0.9967,71
2025-03-29T15:00:16.044,K,0.9801,59
2025-03-29T15:00:16.110,K,0.9888,64
2025-03-29T15:00:16.174,K,0.9972,63
2025-03-29T15:00:16.400,K,0.9925,86
2025-03-29T15:00:16.463,K,0.9916,62
2025-03-29T15:00:16.524,K,0.9840,58
2025-03-29T15:00:16.591,K,0.9936,66
2025-03-29T15:00:16.654,K,0.9877,63
2025-03-29T15:00:16.721,K,0.9622,65
2025-03-29T15:00:16.787,K,0.9972,64
2025-03-29T15:00:16.853,K,0.9950,65
2025-03-29T15:00:16.927,K,0.9721,72
2025-03-29T15:00:16.990,K,0.9657,62
2025-03-29T15:00:17.063,K,0.9928,70
2025-03-29T15:00:17.130,K,0.8997,67
2025-03-29T15:00:17.206,K,0.9426,74
2025-03-29T15:00:17.282,K,0.8375,75
2025-03-29T15:00:17.352,K,0.8455,68
2025-03-29T15:00:17.433,K,0.9514,80
2025-03-29T15:00:17.511,K,0.9246,76
2025-03-29T15:00:17.590,K,0.9040,78
2025-03-29T15:00:17.672,K,0.9659,79
2025-03-29T15:00:17.746,K,0.8744,73
2025-03-29T15:00:17.807,K,0.9583,59
2025-03-29T15:00:17.874,K,0.8208,66
2025-03-29T15:00:17.941,K,0.8442,66
2025-03-29T15:00:18.006,K,0.9983,65
2025-03-29T15:00:18.071,Q,0.2373,64
2025-03-29T15:00:18.141,nothing,1.0000,68
2025-03-29T15:00:18.206,nothing,1.0000,64
2025-03-29T15:00:18.271,nothing,1.0000,63
2025-03-29T15:00:18.337,nothing,1.0000,64
2025-03-29T15:00:18.402,nothing,1.0000,64
2025-03-29T15:00:18.471,nothing,1.0000,67
2025-03-29T15:00:18.554,nothing,1.0000,83
2025-03-29T15:00:18.617,nothing,1.0000,62
2025-03-29T15:00:18.679,nothing,1.0000,61
2025-03-29T15:00:18.742,nothing,1.0000,61
2025-03-29T15:00:18.809,nothing,1.0000,65
2025-03-29T15:00:18.868,nothing,1.0000,58
2025-03-29T15:00:18.938,nothing,1.0000,70
2025-03-29T15:00:19.001,nothing,1.0000,61
2025-03-29T15:00:19.211,nothing,1.0000,75
2025-03-29T15:00:19.283,nothing,1.0000,70
2025-03-29T15:00:19.345,nothing,1.0000,62
2025-03-29T15:00:19.428,G,0.9250,80
2025-03-29T15:00:19.503,G,0.8865,74
2025-03-29T15:00:19.565,L,0.4389,61
2025-03-29T15:00:19.633,G,0.4158,66
2025-03-29T15:00:19.702,G,0.4420,67
2025-03-29T15:00:19.771,L,0.6321,68
2025-03-29T15:00:19.841,L,0.3903,69
2025-03-29T15:00:19.918,nothing,1.0000,76
2025-03-29T15:00:19.998,nothing,1.0000,78
2025-03-29T15:00:20.069,nothing,1.0000,71
2025-03-29T15:00:20.140,nothing,1.0000,70
2025-03-29T15:00:20.211,nothing,1.0000,69
2025-03-29T15:00:20.287,nothing,1.0000,74
2025-03-29T15:00:20.362,G,0.9679,75
2025-03-29T15:00:20.433,Y,0.5763,68
2025-03-29T15:00:20.503,Y,0.9456,70
2025-03-29T15:00:20.578,Y,0.9868,73
2025-03-29T15:00:20.638,Y,0.9769,58
2025-03-29T15:00:20.706,Y,0.9669,68
2025-03-29T15:00:20.770,Y,0.9486,63
2025-03-29T15:00:20.839,Y,0.9870,67
2025-03-29T15:00:20.901,Y,0.8775,60
2025-03-29T15:00:20.999,Y,0.9622,96
2025-03-29T15:00:21.103,Y,0.9962,102
2025-03-29T15:00:21.195,Y,0.9988,91
2025-03-29T15:00:21.260,Y,0.6608,65
2025-03-29T15:00:21.321,J,0.7819,60
2025-03-29T15:00:21.389,Y,0.8453,66
2025-03-29T15:00:21.450,Y,0.9993,60
2025-03-29T15:00:21.519,Y,0.9992,68
2025-03-29T15:00:21.580,Y,0.9986,59
2025-03-29T15:00:21.647,Y,0.9999,65
2025-03-29T15:00:21.709,Y,1.0000,60
2025-03-29T15:00:21.775,Y,1.0000,65
2025-03-29T15:00:21.839,Y,1.0000,61
2025-03-29T15:00:21.908,Y,1.0000,69
2025-03-29T15:00:21.974,Y,1.0000,65
2025-03-29T15:00:22.038,Y,1.0000,64
2025-03-29T15:00:22.106,Y,1.0000,66
2025-03-29T15:00:22.167,Y,0.9996,61
2025-03-29T15:00:22.250,Y,0.9998,80
2025-03-29T15:00:22.511,Y,0.9998,116
2025-03-29T15:00:22.574,Y,0.9999,62
2025-03-29T15:00:22.637,Y,1.0000,62
2025-03-29T15:00:22.705,Y,1.0000,65
2025-03-29T15:00:22.767,Y,1.0000,61
2025-03-29T15:00:22.833,Y,1.0000,64
2025-03-29T15:00:22.897,Y,1.0000,63
2025-03-29T15:00:22.969,Y,1.0000,71
2025-03-29T15:00:23.048,Y,1.0000,78
2025-03-29T15:00:23.115,Y,1.0000,65
2025-03-29T15:00:23.186,Y,1.0000,69
2025-03-29T15:00:23.258,Y,1.0000,72
2025-03-29T15:00:23.333,Y,1.0000,73
2025-03-29T15:00:23.401,Y,1.0000,66
2025-03-29T15:00:23.470,Y,1.0000,67
2025-03-29T15:00:23.543,Y,1.0000,72
2025-03-29T15:00:23.610,Y,1.0000,66
2025-03-29T15:00:23.685,Y,1.0000,73
2025-03-29T15:00:23.756,Y,1.0000,70
2025-03-29T15:00:23.819,Y,1.0000,62
2025-03-29T15:00:23.882,Y,1.0000,61
2025-03-29T15:00:23.943,Y,1.0000,61
2025-03-29T15:00:24.013,Y,0.9999,69
2025-03-29T15:00:24.080,Y,0.9998,65
2025-03-29T15:00:24.142,Y,0.9999,62
2025-03-29T15:00:24.207,Y,0.9996,63
2025-03-29T15:00:24.272,Y,0.9793,63
2025-03-29T15:00:24.342,L,0.9846,68
2025-03-29T15:00:24.402,L,0.7498,59
2025-03-29T15:00:24.468,L,0.9895,65
2025-03-29T15:00:24.530,I,0.7041,61
2025-03-29T15:00:24.601,I,0.6146,69
2025-03-29T15:00:24.662,I,0.9110,61
2025-03-29T15:00:24.728,K,0.8272,64
2025-03-29T15:00:24.791,K,0.9782,61
2025-03-29T15:00:24.860,K,0.7077,67
2025-03-29T15:00:24.926,I,0.4288,65
2025-03-29T15:00:24.993,K,0.8470,66
2025-03-29T15:00:25.057,K,0.6660,63
2025-03-29T15:00:25.120,G,0.9936,61
2025-03-29T15:00:25.182,K,0.9981,61
2025-03-29T15:00:25.246,K,0.9962,63
2025-03-29T15:00:25.316,K,0.9848,69
2025-03-29T15:00:25.382,K,0.9428,64
2025-03-29T15:00:25.450,L,0.9681,66
2025-03-29T15:00:25.523,L,0.9801,71
2025-03-29T15:00:25.586,L,0.9319,62
2025-03-29T15:00:25.648,L,0.9090,60
2025-03-29T15:00:25.714,L,0.7758,64
2025-03-29T15:00:25.778,L,0.9789,63
2025-03-29T15:00:25.845,L,0.9047,64
2025-03-29T15:00:25.911,L,0.8823,65
2025-03-29T15:00:25.977,L,0.8082,65
2025-03-29T15:00:26.053,L,0.8695,76
2025-03-29T15:00:26.116,L,0.9289,62
2025-03-29T15:00:26.177,L,0.9802,60
2025-03-29T15:00:26.280,L,0.9749,102
2025-03-29T15:00:26.521,G,0.5110,96
2025-03-29T15:00:26.584,G,0.8468,62
2025-03-29T15:00:26.642,G,0.9595,57
2025-03-29T15:00:26.707,G,0.7820,63
2025-03-29T15:00:26.771,G,0.7458,64
2025-03-29T15:00:26.839,G,0.8805,66
2025-03-29T15:00:26.906,L,0.4959,65
2025-03-29T15:00:26.972,G,0.5993,66
2025-03-29T15:00:27.044,L,0.9996,72
2025-03-29T15:00:27.117,L,0.9667,71
2025-03-29T15:00:27.191,L,0.8121,71
2025-03-29T15:00:27.260,L,0.9805,67
2025-03-29T15:00:27.340,L,0.5388,79
2025-03-29T15:00:27.412,G,0.9968,70
2025-03-29T15:00:27.480,G,0.8399,68
2025-03-29T15:00:27.662,G,0.7923,179
2025-03-29T15:00:27.758,G,0.7928,95
2025-03-29T15:00:27.828,G,0.9686,68
2025-03-29T15:00:27.890,G,0.5067,62
2025-03-29T15:00:27.957,G,0.8646,65
2025-03-29T15:00:28.024,L,0.5337,64
2025-03-29T15:00:28.089,G,0.7304,64
2025-03-29T15:00:28.152,G,0.8761,62
2025-03-29T15:00:28.219,G,0.6655,66
2025-03-29T15:00:28.279,G,0.9727,60
2025-03-29T15:00:28.343,G,0.7113,64
2025-03-29T15:00:28.406,L,0.9407,62
2025-03-29T15:00:28.478,G,0.5931,71
2025-03-29T15:00:28.542,L,0.5836,63
2025-03-29T15:00:28.609,L,0.7160,67
2025-03-29T15:00:28.683,L,0.7628,71
2025-03-29T15:00:28.750,L,0.6599,66
2025-03-29T15:00:28.814,L,0.6432,61
2025-03-29T15:00:28.879,G,0.9941,65
2025-03-29T15:00:28.946,G,0.8863,65
2025-03-29T15:00:29.015,G,0.9983,67
2025-03-29T15:00:29.079,G,0.9994,63
2025-03-29T15:00:29.144,G,0.9996,62
2025-03-29T15:00:29.204,G,0.9976,59
2025-03-29T15:00:29.266,G,0.9952,61
2025-03-29T15:00:29.338,G,0.9998,71
2025-03-29T15:00:29.403,J,0.7114,62
2025-03-29T15:00:29.466,I,0.5615,63
2025-03-29T15:00:29.534,I,0.3877,66
2025-03-29T15:00:29.598,I,0.6697,63
2025-03-29T15:00:29.664,I,0.7321,64
2025-03-29T15:00:29.725,I,0.8560,61
2025-03-29T15:00:29.798,E,0.9316,73
2025-03-29T15:00:29.862,E,0.7747,63
2025-03-29T15:00:29.928,S,0.3041,65
2025-03-29T15:00:29.989,R,0.5185,60
2025-03-29T15:00:30.057,J,0.5469,67
2025-03-29T15:00:30.116,J,0.4657,59
2025-03-29T15:00:30.183,Q,0.6161,66
2025-03-29T15:00:30.246,Q,0.5252,62
2025-03-29T15:00:30.313,Q,0.4742,67
2025-03-29T15:00:30.378,Q,0.9890,63
2025-03-29T15:00:30.442,Q,0.8080,64
2025-03-29T15:00:30.509,J,0.6212,65
2025-03-29T15:00:30.577,J,0.6903,67
2025-03-29T15:00:30.641,Q,0.5348,63
2025-03-29T15:00:30.707,Q,0.9068,66
2025-03-29T15:00:30.772,J,0.5282,64
2025-03-29T15:00:30.839,J,0.9027,65
2025-03-29T15:00:30.901,J,0.9713,61
2025-03-29T15:00:30.968,J,0.9694,65
2025-03-29T15:00:31.027,J,0.7722,59
2025-03-29T15:00:31.098,Q,0.3693,71
2025-03-29T15:00:31.171,Q,0.9514,71
2025-03-29T15:00:31.250,Q,0.5277,77
2025-03-29T15:00:31.320,Q,0.4425,70
2025-03-29T15:00:31.386,Q,0.7043,64
2025-03-29T15:00:31.451,Q,0.9492,65
2025-03-29T15:00:31.523,Q,0.6339,70
2025-03-29T15:00:31.637,J,0.3902,111
2025-03-29T15:00:31.731,Q,0.5277,94
2025-03-29T15:00:31.807,I,0.8433,75
2025-03-29T15:00:31.872,J,0.9400,63
2025-03-29T15:00:31.935,M,0.6766,62
2025-03-29T15:00:31.998,J,0.4816,63
2025-03-29T15:00:32.063,M,0.8940,63
2025-03-29T15:00:32.126,M,0.7269,62
2025-03-29T15:00:32.191,M,0.9086,64
2025-03-29T15:00:32.260,M,0.8077,67
2025-03-29T15:00:32.320,M,0.8742,60
2025-03-29T15:00:32.387,M,0.9087,67
2025-03-29T15:00:32.448,M,0.7710,59
2025-03-29T15:00:32.518,M,0.9427,68
2025-03-29T15:00:32.582,M,0.9727,62
2025-03-29T15:00:32.650,M,0.8534,67
2025-03-29T15:00:32.714,M,0.7933,62
2025-03-29T15:00:32.782,E,0.7813,66
2025-03-29T15:00:32.849,E,0.9563,67
2025-03-29T15:00:32.919,E,0.9361,69
2025-03-29T15:00:32.985,E,0.7835,64
2025-03-29T15:00:33.054,E,0.8368,67
2025-03-29T15:00:33.121,E,0.6270,65
2025-03-29T15:00:33.183,E,0.9193,61
2025-03-29T15:00:33.254,E,0.4335,70
2025-03-29T15:00:33.319,E,0.4633,63
2025-03-29T15:00:33.381,E,0.7433,62
2025-03-29T15:00:33.450,E,0.5562,67
2025-03-29T15:00:33.517,E,0.6644,66
2025-03-29T15:00:33.583,E,0.7109,65
2025-03-29T15:00:33.647,E,0.7367,62
2025-03-29T15:00:33.714,E,0.4460,65
2025-03-29T15:00:33.781,E,0.5151,65
2025-03-29T15:00:33.851,E,0.5258,68
2025-03-29T15:00:33.922,E,0.6704,70
2025-03-29T15:00:33.987,E,0.7045,63
2025-03-29T15:00:34.100,E,0.8020,110
2025-03-29T15:00:34.195,E,0.6023,94
2025-03-29T15:00:34.257,E,0.6806,60
2025-03-29T15:00:34.315,E,0.6407,57
2025-03-29T15:00:34.386,M,0.4835,70
2025-03-29T15:00:34.450,E,0.4820,62
2025-03-29T15:00:34.519,M,0.4708,69
2025-03-29T15:00:34.582,E,0.4395,61
2025-03-29T15:00:34.652,E,0.6484,68
2025-03-29T15:00:34.718,M,0.7271,64
2025-03-29T15:00:34.786,E,0.6017,67
2025-03-29T15:00:34.851,E,0.4651,64
2025-03-29T15:00:34.917,E,0.4778,65
2025-03-29T15:00:34.987,E,0.5513,69
2025-03-29T15:00:35.055,E,0.6528,66
2025-03-29T15:00:35.119,E,0.6101,62
2025-03-29T15:00:35.185,E,0.5935,64
2025-03-29T15:00:35.250,E,0.7377,64
2025-03-29T15:00:35.319,E,0.7862,67
2025-03-29T15:00:35.389,E,0.5879,69
2025-03-29T15:00:35.461,E,0.3582,71
2025-03-29T15:00:35.523,E,0.6168,62
2025-03-29T15:00:35.592,E,0.5612,67
2025-03-29T15:00:35.651,E,0.7504,59
2025-03-29T15:00:35.722,E,0.6158,69
2025-03-29T15:00:35.786,E,0.4668,63
2025-03-29T15:00:35.854,E,0.7434,66
2025-03-29T15:00:35.924,E,0.9055,69
2025-03-29T15:00:35.987,E,0.9210,62
2025-03-29T15:00:36.053,E,0.9020,65
2025-03-29T15:00:36.118,E,0.9875,65
2025-03-29T15:00:36.184,E,0.9872,65
2025-03-29T15:00:36.249,E,0.9626,63
2025-03-29T15:00:36.315,E,0.9402,64
2025-03-29T15:00:36.377,M,0.9350,61
2025-03-29T15:00:36.444,M,0.8335,67
2025-03-29T15:00:36.514,M,0.8559,68
2025-03-29T15:00:36.583,E,0.7715,68
2025-03-29T15:00:36.653,E,0.8129,69
2025-03-29T15:00:36.724,E,0.8920,71
2025-03-29T15:00:36.823,M,0.9042,97
2025-03-29T15:00:36.921,E,0.7558,97
2025-03-29T15:00:37.016,E,0.9351,93
2025-03-29T15:00:37.074,M,0.7589,58
2025-03-29T15:00:37.146,M,0.5118,70
2025-03-29T15:00:37.209,M,0.6567,60
2025-03-29T15:00:37.274,M,0.8146,63
2025-03-29T15:00:37.336,M,0.8043,61
2025-03-29T15:00:37.401,M,0.8408,64
2025-03-29T15:00:37.462,M,0.8928,61
2025-03-29T15:00:37.532,M,0.7878,67
2025-03-29T15:00:37.593,M,0.9190,61
2025-03-29T15:00:37.657,E,0.8800,62
2025-03-29T15:00:37.721,E,0.5391,63
2025-03-29T15:00:37.795,E,0.9562,72
2025-03-29T15:00:37.870,E,0.9861,75
2025-03-29T15:00:37.938,E,0.9680,67
2025-03-29T15:00:38.005,E,0.8703,67
2025-03-29T15:00:38.070,E,0.9622,63
2025-03-29T15:00:38.139,E,0.9921,69
2025-03-29T15:00:38.206,E,0.9862,65
2025-03-29T15:00:38.269,E,0.9774,62
2025-03-29T15:00:38.335,E,0.9661,65
2025-03-29T15:00:38.400,M,0.6819,63
2025-03-29T15:00:38.464,E,0.5254,63
2025-03-29T15:00:38.529,E,0.9940,65
2025-03-29T15:00:38.599,E,0.9868,67
2025-03-29T15:00:38.667,E,0.9417,67
2025-03-29T15:00:38.736,E,0.9360,67
2025-03-29T15:00:38.817,E,0.8351,80
2025-03-29T15:00:38.892,E,0.9490,73
2025-03-29T15:00:38.950,E,0.9161,57
2025-03-29T15:00:39.019,E,0.8378,69
2025-03-29T15:00:39.083,E,0.7958,62
2025-03-29T15:00:39.148,E,0.7324,65
2025-03-29T15:00:39.211,E,0.7352,61
2025-03-29T15:00:39.275,E,0.8491,64
2025-03-29T15:00:39.345,E,0.9165,69
2025-03-29T15:00:39.570,E,0.8289,77
2025-03-29T15:00:39.638,E,0.9403,65
2025-03-29T15:00:39.704,E,0.9525,65
2025-03-29T15:00:39.860,E,0.9073,154
2025-03-29T15:00:39.937,E,0.9121,75
2025-03-29T15:00:39.998,E,0.9115,61
2025-03-29T15:00:40.071,E,0.8899,71
2025-03-29T15:00:40.144,E,0.9301,72
2025-03-29T15:00:40.214,E,0.9568,69
2025-03-29T15:00:40.288,E,0.9610,73
2025-03-29T15:00:40.363,E,0.9294,72
2025-03-29T15:00:40.441,E,0.9043,78
2025-03-29T15:00:40.508,E,0.9501,66
2025-03-29T15:00:40.582,E,0.9556,74
2025-03-29T15:00:40.656,E,0.9354,72
2025-03-29T15:00:40.727,E,0.9141,71
2025-03-29T15:00:40.797,E,0.9773,69
2025-03-29T15:00:40.865,E,0.9968,66
2025-03-29T15:00:40.935,E,0.4488,68
2025-03-29T15:00:41.002,H,0.6448,66
2025-03-29T15:00:41.069,nothing,1.0000,66
2025-03-29T15:00:41.139,nothing,1.0000,69
2025-03-29T15:00:41.204,nothing,1.0000,64
2025-03-29T15:00:41.273,nothing,1.0000,67
2025-03-29T15:00:41.334,nothing,1.0000,60
2025-03-29T15:00:41.399,nothing,1.0000,64
2025-03-29T15:00:41.459,nothing,1.0000,59
2025-03-29T15:00:41.528,nothing,1.0000,67
2025-03-29T15:00:41.592,nothing,1.0000,62
2025-03-29T15:00:41.658,nothing,1.0000,65
2025-03-29T15:00:41.723,nothing,1.0000,63
2025-03-29T15:00:41.789,nothing,1.0000,64
2025-03-29T15:00:41.855,nothing,1.0000,66
2025-03-29T15:00:41.922,nothing,1.0000,66
2025-03-29T15:00:42.179,nothing,1.0000,111
2025-03-29T15:00:42.266,nothing,1.0000,87
2025-03-29T15:00:42.352,nothing,1.0000,83
2025-03-29T15:00:42.422,nothing,1.0000,69
2025-03-29T15:00:42.497,nothing,1.0000,73
2025-03-29T15:00:42.571,nothing,1.0000,72
2025-03-29T15:00:42.654,nothing,1.0000,83
2025-03-29T15:00:42.742,nothing,1.0000,86
2025-03-29T15:00:42.833,nothing,1.0000,90
2025-03-29T15:00:42.927,nothing,1.0000,92
2025-03-29T15:00:43.034,nothing,1.0000,106
2025-03-29T15:00:43.159,nothing,1.0000,123
2025-03-29T15:00:43.267,nothing,1.0000,106
2025-03-29T15:00:43.376,nothing,1.0000,108
2025-03-29T15:00:43.463,nothing,1.0000,87
2025-03-29T15:00:43.541,nothing,1.0000,76
2025-03-29T15:00:43.611,nothing,1.0000,70
2025-03-29T15:00:43.686,nothing,1.0000,73
2025-03-29T15:00:43.751,nothing,1.0000,64
2025-03-29T15:00:43.814,nothing,1.0000,62
2025-03-29T15:00:43.880,nothing,1.0000,64
2025-03-29T15:00:43.947,nothing,1.0000,65
2025-03-29T15:00:44.015,nothing,1.0000,66
2025-03-29T15:00:44.078,nothing,1.0000,63
2025-03-29T15:00:44.145,nothing,1.0000,65
2025-03-29T15:00:44.213,nothing,1.0000,66
2025-03-29T15:00:44.279,nothing,1.0000,65
2025-03-29T15:00:44.346,nothing,1.0000,66
2025-03-29T15:00:44.415,nothing,1.0000,67
2025-03-29T15:00:44.480,nothing,1.0000,65
2025-03-29T15:00:44.560,nothing,1.0000,78
2025-03-29T15:00:44.642,nothing,1.0000,81
2025-03-29T15:00:44.722,nothing,1.0000,78
2025-03-29T15:00:44.796,nothing,1.0000,72
2025-03-29T15:00:44.869,nothing,1.0000,73
2025-03-29T15:00:44.950,nothing,1.0000,79
2025-03-29T15:00:45.025,nothing,1.0000,75
2025-03-29T15:00:45.096,nothing,1.0000,69
2025-03-29T15:00:45.162,nothing,1.0000,66
2025-03-29T15:00:45.234,nothing,1.0000,71
2025-03-29T15:00:45.321,nothing,1.0000,86
2025-03-29T15:00:45.411,nothing,1.0000,88
2025-03-29T15:00:45.499,nothing,1.0000,87
2025-03-29T15:00:45.617,nothing,1.0000,116
2025-03-29T15:00:45.723,nothing,1.0000,105
2025-03-29T15:00:45.784,nothing,1.0000,60
2025-03-29T15:00:45.847,nothing,1.0000,62
2025-03-29T15:00:45.912,nothing,1.0000,64
2025-03-29T15:00:45.998,nothing,1.0000,84
2025-03-29T15:00:46.076,nothing,1.0000,78
2025-03-29T15:00:46.154,nothing,1.0000,77
2025-03-29T15:00:46.229,nothing,1.0000,73
2025-03-29T15:00:46.306,nothing,1.0000,75
2025-03-29T15:00:46.383,nothing,1.0000,76
2025-03-29T15:00:46.461,nothing,1.0000,76
2025-03-29T15:00:46.553,nothing,1.0000,91
2025-03-29T15:00:46.649,nothing,1.0000,93
2025-03-29T15:00:46.740,nothing,1.0000,89
2025-03-29T15:00:46.827,nothing,1.0000,85
2025-03-29T15:00:46.897,nothing,1.0000,70
2025-03-29T15:00:46.962,nothing,1.0000,63
2025-03-29T15:00:47.029,nothing,1.0000,66
2025-03-29T15:00:47.094,nothing,1.0000,63
2025-03-29T15:00:47.162,nothing,1.0000,67
2025-03-29T15:00:47.230,nothing,1.0000,66
2025-03-29T15:00:47.315,nothing,1.0000,85
2025-03-29T15:00:47.423,nothing,1.0000,105
2025-03-29T15:00:47.524,nothing,1.0000,99
2025-03-29T15:00:47.590,nothing,1.0000,65
2025-03-29T15:00:47.654,nothing,1.0000,63
2025-03-29T15:00:47.720,nothing,1.0000,64
2025-03-29T15:00:47.786,nothing,1.0000,66
2025-03-29T15:00:47.849,nothing,1.0000,61
2025-03-29T15:00:47.922,nothing,1.0000,72
2025-03-29T15:00:48.001,nothing,1.0000,77
2025-03-29T15:00:48.064,nothing,1.0000,62
2025-03-29T15:00:48.125,nothing,1.0000,60
2025-03-29T15:00:48.194,nothing,1.0000,67
2025-03-29T15:00:48.259,nothing,1.0000,65
2025-03-29T15:00:48.326,nothing,1.0000,66
2025-03-29T15:00:48.390,nothing,1.0000,64
2025-03-29T15:00:48.453,nothing,1.0000,61
2025-03-29T15:00:48.520,nothing,1.0000,65
2025-03-29T15:00:48.583,nothing,1.0000,63
2025-03-29T15:00:48.650,nothing,1.0000,66
2025-03-29T15:00:48.713,nothing,1.0000,62
2025-03-29T15:00:48.777,nothing,1.0000,64
2025-03-29T15:00:48.841,nothing,1.0000,61
2025-03-29T15:00:48.927,nothing,1.0000,84
2025-03-29T15:00:48.999,nothing,1.0000,71
2025-03-29T15:00:49.063,nothing,1.0000,63
2025-03-29T15:00:49.124,nothing,1.0000,58
2025-03-29T15:00:49.189,nothing,1.0000,65
2025-03-29T15:00:49.252,nothing,1.0000,61
2025-03-29T15:00:49.323,nothing,1.0000,70
2025-03-29T15:00:49.392,nothing,1.0000,66
2025-03-29T15:00:49.464,nothing,1.0000,71
2025-03-29T15:00:49.548,nothing,1.0000,81
2025-03-29T15:00:49.612,nothing,1.0000,63
2025-03-29T15:00:49.676,nothing,1.0000,63
2025-03-29T15:00:49.749,nothing,1.0000,71
2025-03-29T15:00:49.815,nothing,1.0000,66
2025-03-29T15:00:49.887,nothing,1.0000,69
2025-03-29T15:00:49.949,nothing,1.0000,61
2025-03-29T15:00:50.016,nothing,1.0000,67
2025-03-29T15:00:50.083,nothing,1.0000,65
2025-03-29T15:00:50.144,nothing,1.0000,60
2025-03-29T15:00:50.216,nothing,1.0000,71
2025-03-29T15:00:50.282,nothing,1.0000,63
2025-03-29T15:00:50.351,nothing,1.0000,68
2025-03-29T15:00:50.416,nothing,1.0000,64
2025-03-29T15:00:50.483,nothing,1.0000,66
2025-03-29T15:00:50.547,nothing,1.0000,63
2025-03-29T15:00:50.614,nothing,1.0000,64
2025-03-29T15:00:50.680,nothing,1.0000,65
2025-03-29T15:00:50.745,nothing,1.0000,64
